{
  "equipement": {
    "precision": 1.0,
    "recall": 0.4666666666666667,
    "f1-score": 0.6363636363636364,
    "support": 15,
    "confused_with": {}
  },
  "number_site": {
    "precision": 0.0,
    "recall": 0.0,
    "f1-score": 0.0,
    "support": 5,
    "confused_with": {}
  },
  "number_appareil": {
    "precision": 1.0,
    "recall": 0.07142857142857142,
    "f1-score": 0.13333333333333333,
    "support": 14,
    "confused_with": {}
  },
  "marque": {
    "precision": 1.0,
    "recall": 0.5,
    "f1-score": 0.6666666666666666,
    "support": 14,
    "confused_with": {}
  },
  "phone_number": {
    "precision": 0.0,
    "recall": 0.0,
    "f1-score": 0.0,
    "support": 2,
    "confused_with": {}
  },
  "micro avg": {
    "precision": 1.0,
    "recall": 0.3,
    "f1-score": 0.4615384615384615,
    "support": 50
  },
  "macro avg": {
    "precision": 0.6,
    "recall": 0.2076190476190476,
    "f1-score": 0.28727272727272724,
    "support": 50
  },
  "weighted avg": {
    "precision": 0.86,
    "recall": 0.3,
    "f1-score": 0.41490909090909084,
    "support": 50
  }
}