{
  "number_appareil": {
    "precision": 0.7777777777777778,
    "recall": 0.5,
    "f1-score": 0.6086956521739131,
    "support": 14,
    "confused_with": {
      "number_site": 3
    }
  },
  "equipement": {
    "precision": 1.0,
    "recall": 0.4666666666666667,
    "f1-score": 0.6363636363636364,
    "support": 15,
    "confused_with": {}
  },
  "number_site": {
    "precision": 0.0,
    "recall": 0.0,
    "f1-score": 0.0,
    "support": 5,
    "confused_with": {
      "number_appareil": 1
    }
  },
  "phone_number": {
    "precision": 0.0,
    "recall": 0.0,
    "f1-score": 0.0,
    "support": 2,
    "confused_with": {}
  },
  "marque": {
    "precision": 1.0,
    "recall": 0.7857142857142857,
    "f1-score": 0.88,
    "support": 14,
    "confused_with": {}
  },
  "micro avg": {
    "precision": 0.8333333333333334,
    "recall": 0.5,
    "f1-score": 0.625,
    "support": 50
  },
  "macro avg": {
    "precision": 0.5555555555555556,
    "recall": 0.3504761904761905,
    "f1-score": 0.4250118577075098,
    "support": 50
  },
  "weighted avg": {
    "precision": 0.7977777777777777,
    "recall": 0.5,
    "f1-score": 0.6077438735177866,
    "support": 50
  }
}